name,tag,language,created,subscribers,reason,created_utc,description
Abruzzo,regione,ita,,826.0,,2013-04-08 23:06:11,
ACMilan,squadra,eng,,75223.0,,2010-04-08 19:11:21,#####Welcome to /r/ACMilan! Please be sure to visi
adhd_italia,community,ita,,1485.0,,2020-02-15 10:13:56,ADHD italiani. Subreddit per discutere dei problem
ADO_Italy,fanclub,ita,,461.0,,2024-10-10 17:43:20,"Un subreddit dedicato ad Ado, la talentuosa cantan"
AlfaRomeoGiulia,fanclub,eng,,2543.0,,2019-10-01 13:01:13,/r/AlfaRomeoGiulia is a place for Giulia owners an
AmericansInItaly,community,,,10260.0,,2021-08-25 00:24:41,
AmicizieConoscenze,community,ita,,3589.0,,2023-11-28 00:37:41,
ancona,provincia,ita,,103.0,,2013-04-09 19:58:24,[Ancona](http://en.wikipedia.org/wiki/Ancona)
AndroidItalia,hobby,ita,,1166.0,,2016-10-24 08:55:40,Comunità aperta italiana dedicata al mondo Android
AnimeItaly,hobby,ita,,157410.0,,2016-09-28 08:40:31,"Benvenuto su /r/AnimeItaly , il nuovo subreddit de"
Aosta,provincia,ita,,17.0,,2021-11-29 08:25:18,aosta
ArteITA,hobby,ita,,1141.0,,2017-05-28 06:55:54,Una community per gli amanti dell'arte per condivi
askanitalian,community,eng,,405.0,,2017-03-08 09:31:12,
askitaly,community,ita,,102012.0,,2014-04-14 13:11:36,"Hi!  Are you planning a trip to Italy, or are you "
ASRoma,squadra,eng,,25545.0,,2011-11-07 15:54:05,This is a subreddit for English speaking fans of t
avvocati,community,,,30718.0,,2019-10-04 12:23:02,Sub dedicato a quei pochi che praticano la legge e
BancaDelMeme,community,ita,,70412.0,,2018-08-07 15:53:24," /r/BancaDelMeme è un posto dove si puoi comprare,"
Barbecue_Italia,hobby,,,561.0,,2022-01-21 20:31:00,
Bari,provincia,ita,,6806.0,,2013-05-14 07:31:19,**Benvenuto nella comunita Barese di reddit!**  *B
Basilicata,regione,ita,,138.0,,2013-06-23 07:44:21,Basilicata
Bergamo,provincia,ita,,13901.0,,2014-01-29 09:15:41,   Benvenuti! Questo subreddit è stato appena ries
Best_memerITA,hobby,ita,,2122.0,,2020-08-26 13:17:35,community dei best memer italiani
BitcoinItalia,fanclub,,,785.0,,2013-11-24 13:35:32,
blackhumoritalia,community,ita,,5332.0,,2020-02-28 14:07:51,Cose blasfeme e dissacranti roba cringe e razzista
bollette,community,ita,,1250.0,,2025-04-20 16:13:10,Sub dedicato alle bollette di luce e gas. Fonti co
Bologna,provincia,ita,,88063.0,,2012-02-26 19:42:20,"La Dotta, La Grassa, La rossa: Bologna. The city i"
Breaking_Italy,fanclub,ita,,617.0,,2015-03-12 00:46:02,**[Breaking Italy](https://www.youtube.com/user/br
brescia,provincia,ita,,28617.0,,2016-06-26 13:37:55,
cagliari,provincia,ita,,3769.0,,2021-10-12 17:10:35,
CagliariFC,squadra,eng,,370.0,,2017-05-11 08:14:25,Forza Casteddu
Calabria,regione,ita,,1345.0,,2009-10-16 01:39:59,"Un subreddit per chi vive in Calabria,      per ch"
Calcio,hobby,,,114914.0,,2010-11-19 12:15:47,## [Serie A](https://reddit.com/r/calcio/wiki/seri
camicibianchi,community,ita,,4668.0,,2024-03-01 10:54:27,
Campania,regione,ita,,24.0,,2010-04-27 10:16:50,"Ingredienti:300 g di pomodoro, 400 g di paccheri, "
Cantautorato,hobby,ita,,243.0,,2019-08-23 14:36:23,
CarmeloBene,hobby,ita,,125.0,,2020-10-05 16:49:43,"""Io ignoro. Io sono la mia s'ignora. Sono s'ignora"
CasualIT,community,,,85638.0,,2021-04-22 07:42:45,r/CasualIT: una comunità italiana polleggiata    R
Catania,provincia,ita,,5485.0,,2015-07-25 18:12:27,
cattolicesimo,community,ita,,703.0,,2017-07-24 12:18:54,
cazzeggio,community,ita,,4441.0,,2015-01-08 11:47:11,Se non avete voglia di lavorare o non sapete come 
ciclismourbano,hobby,ita,,3190.0,,2023-02-27 08:29:50,
Cina,hobby,ita,,549.0,,2012-10-05 19:53:34,Benvenuti in questo sub dedicato alla Cina e alla 
CineItalia,hobby,,,120.0,,2017-04-11 08:09:14,"""A differenza di tutte le altre forme d’arte, il c"
CityOfCommentsITA,community,ita,,710.0,,2020-08-07 17:42:27,su reddit creato per segnalare i commenti di reddi
CityOfMusicITA,community,ita,,98.0,,2021-05-23 14:20:01,Ecco qua il subreddit ufficiale di condivisione di
Coinquilini_di_merda,community,ita,,5943.0,,2024-07-24 23:56:41,Che il coinquilino di merda sia tu o il tuo fedele
commercialisti,community,ita,,46700.0,,2017-05-11 08:36:18,Subreddit che vorrebbe essere serio ma non ce la f
CoronaVirus_ITALIA,fanclub,ita,,19123.0,,2020-02-06 16:59:06,
cppit,community,ita,,484.0,,2016-09-04 18:51:40,Official Italian C++ Community subreddit (http://w
craftitaly,hobby,ita,,,private,,
DanteAlighieri,fanclub,eng,,830.0,,2021-12-16 03:58:06,
DarioMocciaTwitch,fanclub,ita,,57085.0,,2020-03-09 14:01:28,Il posto dove i meme di Dario Moccia vanno a morir
disabilITA,community,ita,,207.0,,2023-08-18 17:45:57,
dogs_ita,community,ita,,796.0,,2025-03-29 18:43:59,"in questo sub potete postare foto dei vostri cani,"
dolomiti,fanclub,eng,,473.0,,2017-08-15 15:55:06,"No sidebar, solo vette per noi "
domandaonesta,community,ita,,6879.0,,2025-03-28 16:41:41,L’unica domanda stupida è quella che non fai. Qui 
DomandeDaReddit,community,ita,,750.0,,2021-03-09 16:22:20,Un subreddit italiano spirato a /r/AskReddit dove 
DuolingoItalian,community,eng,,2994.0,,2014-02-03 22:31:00,
EconomiaItaliana,community,,,972.0,,2016-09-18 14:40:36,
emilia,regione,ita,,205.0,,2015-04-05 22:14:16,
epifania_2024,community,ita,,143.0,,2024-01-08 08:18:15,
Erba,hobby,ita,,3409.0,,2011-03-07 07:50:14,Ecco la comunità italiana r/erba!  Il primo subred
EveryMapOfItaly,community,ita,,797.0,,2024-02-08 08:35:36,
fantacalcio_IT,hobby,ita,,4120.0,,2022-08-23 10:14:26,
FascistItalyPhotos,community,ita,,5291.0,,2022-12-29 06:12:18,
FCInterMilan,squadra,eng,,43261.0,,2012-12-28 00:11:48,###F.C. Internazionale Milano ⭐⭐   F.C. Internazio
fiatpanda,fanclub,eng,,510.0,,2020-05-04 08:21:38,Subreddit for all Fiat Panda owners.
figuredimerd,community,ita,,158.0,,2021-04-10 16:36:43,si postano tutte le figure di merda di reddit ital
FilosofiaItalia,hobby,,,684.0,,2022-10-18 08:39:47,
Firenze,provincia,ita,,16804.0,,2012-01-30 21:17:12,######[Home](http://www.reddit.com#top) [hott'e](h
FisicaItaly,community,ita,,653.0,,2022-08-01 09:45:45,
florence,provincia,eng,,26338.0,,2011-05-21 14:26:44,"This is the subreddit for Florence, Italy."
Foggia,provincia,,,108.0,,2020-07-18 02:18:52,Un subreddit per la città di Foggia. Per richieder
Formula1Italia,community,ita,,2661.0,,2021-05-01 10:37:37,Stanchi di andare nel subreddit internazionale del
FotografiaItalia,community,ita,,3912.0,,2018-07-20 10:12:28,Sentitevi liberi di scrivere al moderatore (/Ziomi
Friuli,regione,ita,,813.0,,2012-08-14 08:59:30,Finché c'è frico c'è speranza.
fumetti,hobby,,,15944.0,,2014-07-28 09:40:13,In questo subreddit potete parlare di tutto ciò ch
Gatti,community,ita,,16395.0,,2016-09-11 03:48:54,Gatti is best runner in the world
gdr,hobby,ita,,895.0,,2013-02-17 05:45:52,"#Welcome! Benvenuti!  ###About ""Giochi di ruolo"" m"
GenoaCFC,squadra,eng,,655.0,,2015-02-21 07:37:16,#[Genoa](http://www.reddit.com/r/GenoaCFC/)  A sub
Genova,provincia,ita,,7365.0,,2011-10-25 23:50:57,&gt; *Umbre de muri muri de mainé* &gt; &gt; *dund
giardinaggioITA,hobby,ita,,12180.0,,2022-03-16 08:30:13,
hiphopitaly,hobby,ita,,13440.0,,2013-06-04 15:45:05,[] (/sidebar)  img by [Lo Swagghetto](https://www.
hmmITA,community,ita,,179.0,,2020-11-01 17:52:39,il subreddit italiano di cose che fanno dire hmm
holdmyspaghetti,community,eng,,6317.0,,2019-09-27 00:40:30,"Welcome to ""Hold My Spaghetti"" (HMS), the subreddi"
IlToro,squadra,eng,,569.0,,2015-02-21 07:09:03,# Home of Il Toro | Torino FC  [](#IlToroSidebarIm
IncontriRandomItalia,community,ita,,741.0,,2020-12-30 16:04:25,Desideri un incontro Random grazie a internet? Pub
Ingegneri,community,ita,,708.0,,2021-09-13 16:52:02,Questo subreddit è il tentativo di creare una comm
innovazione,community,ita,,673.0,,2019-03-27 21:06:21,"Parliamo di innovazione, tecnologia e di che impat"
IPolterGuys,fanclub,ita,,7382.0,,2025-03-21 19:50:42,LEGGETE LE REGOLE (I BAN SONO PERMA) Reddit dell'o
Ischia,provincia,ita,,510.0,,2020-11-27 05:17:26,A place to share and talk about the love for the i
istrutturare,community,ita,,13650.0,,2023-08-21 08:44:07,
ITAGLIA,community,ita,,230014.0,,2014-01-13 05:40:29,* /r/ITAGLIA è un subreddit satirico (tranne quand
Italia,community,ita,,581867.0,,2009-11-03 13:00:12,L'Italia su reddit  Leggi [la wiki](https://www.re
Italia_News,community,,,1189.0,,2024-02-09 15:43:07,
ItaliaCareerAdvice,community,,,98881.0,,2021-05-06 13:58:23,"Branch italiano del sub CareerAdvice inglese, comu"
ItaliaMeme,hobby,,,17908.0,,2020-03-30 09:35:45,"Community per memes, immagini divertenti, battute "
Italian,community,eng,,50818.0,,2010-05-04 17:36:59,"No particular rule, follow the Reddit guidelines a"
Italian_FOOD,community,eng,,3739.0,,2012-07-26 12:57:12,italian food italian food italian food
italianamerican,community,eng,,3221.0,,2014-02-25 17:45:35,"*** ####It's in your blood, now show some love, th"
ItalianCitizenship,community,eng,,3277.0,,2019-04-25 12:51:37,A place to find information and assistance in the 
italiancooking,community,eng,,15034.0,,2011-11-29 05:11:16,r/italiancooking is the answer to those of us who 
ItalianFood,hobby,,,167360.0,,2012-07-05 16:23:23,r/ItalianFood Rules  *1.Italian Food only!*  This 
Italianhell,community,eng,,565.0,,2021-07-15 10:32:58,People abusing Italian food.   This is what Italia
Italianhistory,community,eng,,2968.0,,2012-07-09 03:56:24,A place to learn about and discuss Italian history
italianlearning,hobby,eng,,133047.0,,2012-04-06 17:12:49,#[](#h1-grey) &gt; ##[BENVENUTI in /r/italianlearn
italianmusic,hobby,ita,,3358.0,,2013-01-10 03:45:51,"**All you Italian music lovers out there, submit a"
Italianscamads,community,ita,,22116.0,,2024-03-25 15:42:34,
ItalianSpecOps,fanclub,eng,,595.0,,2021-05-18 08:07:57,Images of Italian SOF
italiantheory,hobby,ita,,463.0,,2014-02-06 00:07:49,Why Italian theory? What is Italian thought and wh
ItaliaPersonalFinance,community,ita,,241356.0,,2017-01-27 08:12:30,Tutti i consigli che vengono dati in questo subred
ItaliaPolitica,community,,,349.0,,2020-08-22 14:14:22,La prima community per discutere della Politica It
ItaliaRossa,community,ita,,2286.0,,2021-03-03 10:14:07,Benvenuti su r/ItaliaRossa: una community che ha c
ItaliaStartups,community,ita,,956.0,,2024-05-28 12:46:04,
italy,community,ita,,1097678.0,,2008-07-25 08:13:59,"&gt;[All](https://reddit.com/r/italy ""Every thread"
ItalyCalcio,hobby,ita,,876.0,,2017-03-30 08:56:38,[Questo sub fa parte di /r/ItalyNetwork](/r/italyn
ItalyExpat,community,eng,,10833.0,,2016-03-31 09:11:41,Welcome!  This is a community for expats who live 
ItalyFitness,community,ita,,15566.0,,2024-02-13 13:45:45,
italygames,community,ita,,357540.0,,2017-01-24 10:05:23,&gt;[Gruppo Telegram](https://t.me/joinchat/AcU7F0
ItalyHardware,community,ita,,5508.0,,2024-07-04 06:06:52,
ItalyInformatica,community,ita,,181193.0,,2016-08-22 09:29:17,**Benvenuti su [ItalyInformatica](/r/ItalyInformat
italyLGBT,community,ita,,3924.0,,2013-08-23 19:21:56,Questo subreddit è per tutti gli italiani (in Ital
italymakers,hobby,ita,,457.0,,2021-02-17 10:12:09,"Mostrate e discutete i vostri progetti! Legno, ele"
ItalyMotori,hobby,ita,,97540.0,,2016-02-23 11:21:13,# _  * Filtra per categoria ▾     * [AskIM](/r/Ita
ItalyPhotos,hobby,ita,,28926.0,,2014-10-27 13:05:47,"**Benvenuti in /r/ItalyPhotos, a subreddit dedicat"
ItalyProfumi,community,,,551.0,,2024-10-24 12:24:55,La comunità italiana dei profumi e delle fragranze
italysteam,community,ita,,133.0,,2014-04-25 20:59:00,scemo chi legge la sidebar  http://steamcommunity.
ItalyTourism,hobby,,,5322.0,,2012-09-29 11:29:58,##ItalyTourism[](/ItalyTourism)  Discover and ask 
ItalyTravel,community,eng,,137367.0,,2018-10-10 05:34:15,
Ithadtobeitaly,community,eng,,689.0,,2019-09-08 21:33:26,
juresanguinis,community,eng,,16952.0,,2013-07-26 17:21:50,For help with and info about recognizing Italian c
Juve,squadra,eng,,65679.0,,2011-12-23 07:13:05,# Juventus  ### Fixtures  | Date | Team | Res | Sc
LaSediaA2Gambe,community,ita,,4498.0,,2022-08-30 17:44:55,
lavoro_tutelato,community,ita,,505.0,,2024-01-15 23:49:12,
lazanzara,fanclub,,,5916.0,,2021-10-22 10:08:11,
Lazio,regione,ita,,3526.0,,2012-03-05 02:02:56,A subreddit dedicated to the   S.S. Lazio ===  Off
LearningItalian,community,eng,,6122.0,,2017-04-20 03:16:07,
learnitalian,community,eng,,11733.0,,2012-02-10 20:50:48,Ask questions about specifics of the Italian langu
LeonardodaVinci,fanclub,eng,,3903.0,,2010-01-17 20:49:02,"""The human species, in its wonderful and various o"
LGBTItaly,community,ita,,739.0,,2020-08-02 19:24:36,Un posto dove condividere storie riguardo la propr
Libri,hobby,ita,,89909.0,,2013-05-29 13:58:52,----- * **Hai letto un libro e ti è piaciuto?** * 
Liguria,regione,ita,,281.0,,2013-06-23 07:56:33,
limoncello,fanclub,eng,,506.0,,2014-05-25 20:24:01,
LinkedInCringeIT,community,ita,,3256.0,,2025-06-17 08:00:38,Il subreddit italiano per contenuti insopportabili
litigi,community,ita,,8416.0,,2017-08-14 21:41:56,Questo subreddit vuole proporsi come luogo di libe
Lombardia,regione,ita,,529.0,,2016-08-31 20:53:02,Se vuoi partecipare alla gestione del subreddit ma
Lostmediaitalia,community,ita,,8495.0,,2019-12-13 21:22:42,Cerchiamo lost media perduti o andati in rovina pe
malatidiserie,community,ita,,532.0,,2021-05-27 19:55:27,Serie TV
Maneskin,fanclub,eng,,16409.0,,2021-03-07 16:26:25,Subreddit dedicated to the italian rock band Månes
MangaItalia,hobby,,,637.0,,2020-09-20 14:34:17,Un subreddit per tutti gli appassionati di manga i
mappesenzasardegna,community,ita,,695.0,,2019-03-13 09:55:22,"Ispirato dal subreddit ""maps without new zealand"" "
Marche,regione,ita,,292.0,,2021-09-03 07:22:33,
MarzulloFanClub,fanclub,ita,,20.0,,2020-10-08 19:28:36,"E' notte alta e sono sveglio, sei sempre tu il mio"
mediterraneandiet,community,eng,,181030.0,,2013-02-27 22:51:46,**✨Check out our wiki with info on the Mediterrane
MemeItaliane,community,ita,,641.0,,2019-05-15 16:30:30,Le poche regole da rispettare sono: ~Non postare c
MemeItaliani,hobby,ita,,103484.0,,2020-01-02 23:11:15,Per gli italiani su Reddit a cui piacciono i meme
memesITA,hobby,ita,,497534.0,,2019-09-21 15:55:14,"Pizza, Pasta &amp; Memes"
memesItaMC,hobby,ita,,84.0,,2020-10-18 09:02:33,"Postate qui meme su Minecraft, il miglior gioco di"
MemeTemplatesIta,hobby,ita,,5543.0,,2020-07-04 13:48:30,...
messina,provincia,ita,,411.0,,2013-03-22 14:46:36,&gt;* Links utili * [Messina su Wikipedia](http://
Milano,provincia,ita,,113071.0,,2009-06-22 12:07:43,The purpose of the sub is to post interesting cont
MinecraftITA,hobby,ita,,608.0,,2020-03-18 10:52:36,VIVA MINECRAFT
Modena,provincia,ita,,1180.0,,2014-03-28 14:31:27,Benvenuti su [r/Modena](https://www.reddit.com/r/M
Molise,regione,ita,,52.0,,2022-01-02 08:44:26,
MostroDiFirenze,hobby,ita,,367.0,,2020-03-26 20:40:43,Discussioni sul Mostro di Firenze
Napoli,provincia,ita,,143354.0,,2011-08-17 23:00:01,# aaa  # aaa
neapolitanpizza,fanclub,eng,,35153.0,,2019-04-29 19:16:10,**ABOUT** &amp;nbsp;  A place for admirers of Neap
oknotizie,community,ita,,55186.0,,2016-12-22 11:52:42,[](/sidebar) [](http://www.guardatv.it/) [](https:
OnePiece_it,fanclub,ita,,4060.0,,2018-05-17 12:47:30,
Orrori_Immobiliari,community,ita,,4822.0,,2025-05-14 12:59:24,"Benvenuti su Orrori Immobiliari, la community dove"
PA_Italia,community,ita,,5995.0,,2023-11-24 18:18:23,
Padova,provincia,ita,,1123.0,private,2013-01-11 12:16:29,
Palermo,fanclub,ita,,1433.0,,2011-11-28 11:45:43,[](#PalermoSidebarImage) A subreddit dedicated to 
palermo_city,provincia,ita,,7762.0,,2022-09-17 08:30:20,
PandabuyItalia,community,eng,,21758.0,,2023-02-22 11:57:47,
parma,provincia,ita,,565.0,,2015-05-14 06:34:04,"Forum per la città di Parma. Annunci, iniziative, "
Perugia,provincia,ita,,255.0,,2010-05-14 17:23:54,
pescatori,community,ita,,670.0,,2020-07-28 09:09:52,il tem trote beh dati che fa schifo ecco a voi il 
Piemonte,regione,ita,,511.0,,2016-08-31 21:03:21,Se vuoi partecipare alla gestione del subreddit ma
Poesie_italia,hobby,ita,,411.0,,2020-04-16 21:46:47,Hello there! This is an Italian community where to
PokemonFans_ITA,fanclub,ita,,843.0,,2025-03-31 08:41:44,Piccolo sub dedicato ai fan pokémon italiani.
polinetwork,community,ita,,4021.0,,2018-09-25 07:01:58,Subreddit del Politecnico di Milano! ( polimi ) Il
politicaITA,community,ita,,10430.0,,2014-01-26 10:51:05,**Due spettri si aggirano per il pianeta: gli spet
proverbi_chad,community,ita,,2943.0,,2022-04-16 09:40:43,
Psico_aiuto_Italia,community,ita,,493.0,,2024-03-03 16:17:33,
psicologia,ita,community,,49096.0,,2011-12-29 19:15:14,
Psicologia_Italia,community,,,11088.0,,2020-05-01 19:52:24,Il Primo Subreddit in Italiano dedicato alla Psico
QuandoCeraloStereo,community,ita,,11729.0,,2024-08-08 23:29:19,
Reddit_Italia,community,,,689.0,,2022-03-25 08:33:48,
Relazioni,community,ita,,46617.0,,2020-11-06 17:42:19,Questa community vuole essere un punto di riferime
rimesegate,community,ita,,51665.0,,2019-05-03 08:17:47,subreddit ufficiale della community di rimesegate!
Roma,provincia,ita,,58077.0,,2011-10-24 13:00:28,Italiani! Romani! Troviamoci su questo gruppo per 
Rome,provincia,eng,,138783.0,,2010-04-22 08:10:43,"Welcome to the subreddit for Rome, Italy! Feel fre"
salsicciaefriarielli,fanclub,ita,,62.0,,2024-12-02 12:03:23,Amanti delle pizze sottovalutate
SanMarino_,provincia,eng,,497.0,,2022-02-24 23:01:24,
SanremoFestival,fanclub,eng,,5671.0,,2022-10-30 13:09:25,
Sardegna,regione,ita,,6499.0,,2014-02-18 09:54:50,
Sardinia,regione,eng,,7614.0,,2013-06-23 08:52:42,
ScienzaItalia,community,,,,private,,
scimmieinborsa,community,ita,,14227.0,,2024-03-01 10:47:26,
scrittura,community,ita,,14243.0,,2022-11-22 07:25:27,
SecurityIT,community,ita,,454.0,,2020-07-14 13:40:58,Parliamo di IT security in ITaliano.
seriea,hobby,eng,,513783.0,,2010-08-01 08:11:47,"Welcome to /r/SerieA, reddit's home to the Italian"
SerieB,hobby,eng,,459.0,,2021-07-31 14:17:22,
Sicilia,regione,ita,,8592.0,,2012-04-03 15:06:24,This is a subreddit to everything related to Sicil
sicily,regione,eng,,63772.0,,2009-11-21 15:48:23,"vacation in Sicily, sicilian accommodations, tours"
specialtyCoffeeItaly,community,ita,,750.0,,2023-05-23 19:30:56,
sscnapoli,squadra,eng,,21604.0,,2011-08-04 16:58:46,[](https://www.reddit.com/r/sscnapoli/) [](https:/
storia,community,,,3188.0,,2015-06-12 17:16:43,Discussioni e approfondimenti sulla Storia   [Altr
techcompenso,community,ita,,2995.0,,2024-03-16 12:55:59,
TeenagersITA,community,ita,,34853.0,,2020-10-08 11:53:12,Per maggiori informazioni sulla comunità consultar
TF2Italia,community,ita,,98.0,,2018-01-12 13:12:15,Subreddit a disposizione della Community italiana 
thinkinitalian,community,eng,,627.0,,2024-09-01 04:16:03,"Finally, study materials that prompt you to speak "
titoliorrendi,community,ita,,1203.0,,2025-01-08 17:09:25,"Titoli di giornali, Telegiornali, Youtube Video e "
Torino,provincia,ita,,94913.0,,2011-10-24 19:18:35,"Everything you need to know about Turin: info, new"
Toscana,regione,ita,,526.0,,2010-09-06 19:20:50,Tutto sulla Toscana
TradeRepublic_IT,community,ita,,569.0,,2025-03-24 17:02:59,Benvenuto/a nella community Trade Republic Italia!
TrekkingItaly,community,ita,,22329.0,,2020-09-30 13:43:08,r/TrekkingItaly è la community per gli appassionat
Trentino_alto_Adige,regione,ita,,223.0,,2016-08-31 22:55:10,Se vuoi partecipare alla gestione del subreddit ma
Trento,provincia,ita,,277.0,,2022-04-15 20:26:19,
Treviso,provincia,ita,,408.0,,2015-05-10 16:53:01,
Trieste,provincia,ita,,9512.0,,2013-02-27 03:51:06,Trieste (/triːˈɛst/; Italian pronunciation: [triˈɛ
Trieste_memes,community,ita,,432.0,,2019-05-20 11:28:48,This is where we post NSFW and politically incorre
tuscany,regione,eng,,3465.0,,2013-04-18 00:50:23,Did you know that Tuscany is a region of Italy tha
tuttosport,hobby,ita,,44.0,,2020-12-09 09:08:08,"ciao, se siete dei patiti di ogni sport o anche di"
Twitch_Italia,hobby,ita,,695.0,,2019-10-14 13:11:37,Questa è il subreddit per la community italiana di
Umbria,regione,ita,,190.0,,2022-01-06 23:41:35,
Universitaly,community,,,115136.0,,2020-07-22 14:02:32,Questo è un subreddit dedicato agli universitari e
veganita,community,ita,,18061.0,,2017-04-06 08:53:56,"Benvenuti su r/veganita, il sub dei vegani italian"
Veneto,regione,ita,,1313.0,,2013-05-20 21:16:25,🇮🇹 Il subreddit del Veneto e delle loro città.  Po
Venezia,provincia,ita,,67796.0,,2011-10-28 13:40:20,**Tutto quanto riguarda Venezia**  **Everything re
ViaFrancigena,fanclub,eng,,591.0,,2018-07-22 20:41:01,
ViaggiITA,community,ita,,45877.0,,2024-06-26 07:50:26,Il subreddit per Italiani per parlare di viaggi 🇮🇹
wallstreetbetsitalia,community,ita,,513.0,,2021-01-28 00:23:57,Gruppo italiano di wallstreetbets
xxItaly,community,ita,,18033.0,,2019-06-08 06:55:37,**Benvenute e benvenuti alla community delle ragaz
Yunisorrisiecanzoni,community,ita,,754.0,,2025-04-11 11:40:29,"Musica, cultura pop e show biz dall'Italia e dal m"
